"","Inventory","Duration","Inv_frequency","Inv_frequency_Percentage"
"1","ComplianceCheck",125.299999999999,1309,0.134573866557006
"2","Distribution",0,608,0.0625064254137967
"3","OrderEntry",500.799999999999,2121,0.218052842603064
"4","Packing",151.066666666666,1252,0.128713889174463
"5","ProductionFlows",6008.99999999998,3198,0.328775573146911
"6","Warehouse",10583.7333333333,1239,0.12737740310476
